SSD,MRP
Transcend 120 GB SSD230S Desktop Internal Solid State Drive (SSD),₹1851
ZEBRONICS ZEB SD13 128 GB Desktop Internal Solid State Drive (SSD),₹2405
Kingston A400 120 GB Desktop Internal Solid State Drive (SSD),₹1822
WD Green 120 GB Desktop Internal Solid State Drive (SSD),₹2412
WD Green 120 GB Desktop Internal Solid State Drive (SSD),₹1741
ADATA SU630 240 GB Desktop Internal Solid State Drive (SSD),₹1483
ZEBRONICS ZEB SD13 128 GB Desktop Internal Solid State Drive (SSD),₹2428
ZEBRONICS ZEB SD13 128 GB Desktop Internal Solid State Drive (SSD),₹1564
WD Green 120 GB Desktop Internal Solid State Drive (SSD),₹2036
WD Green 120 GB Desktop Internal Solid State Drive (SSD),₹2387
WD Green 120 GB Desktop Internal Solid State Drive (SSD),₹1417
ADATA SU630 240 GB Desktop Internal Solid State Drive (SSD),₹2696
Kingston A400 120 GB Desktop Internal Solid State Drive (SSD),₹1514
WD Green 120 GB Desktop Internal Solid State Drive (SSD),₹1867
Kingston A400 120 GB Desktop Internal Solid State Drive (SSD),₹2031
Transcend 120 GB SSD230S Desktop Internal Solid State Drive (SSD),₹2110
WD Green 120 GB Desktop Internal Solid State Drive (SSD),₹1411
WD Green 120 GB Desktop Internal Solid State Drive (SSD),₹2524
Kingston A400 120 GB Desktop Internal Solid State Drive (SSD),₹2326
Kingston A400 120 GB Desktop Internal Solid State Drive (SSD),₹1604
Kingston A400 120 GB Desktop Internal Solid State Drive (SSD),₹1688
ZEBRONICS ZEB SD13 128 GB Desktop Internal Solid State Drive (SSD),₹2591
WD Green 120 GB Desktop Internal Solid State Drive (SSD),₹1683
ZEBRONICS ZEB SD13 128 GB Desktop Internal Solid State Drive (SSD),₹1958
ZEBRONICS ZEB SD13 128 GB Desktop Internal Solid State Drive (SSD),₹1874
Transcend 120 GB SSD230S Desktop Internal Solid State Drive (SSD),₹2370
ADATA SU630 240 GB Desktop Internal Solid State Drive (SSD),₹1464
ZEBRONICS ZEB SD13 128 GB Desktop Internal Solid State Drive (SSD),₹2030
WD Green 120 GB Desktop Internal Solid State Drive (SSD),₹2686
WD Green 120 GB Desktop Internal Solid State Drive (SSD),₹1814
WD Green 120 GB Desktop Internal Solid State Drive (SSD),₹2320
Kingston A400 120 GB Desktop Internal Solid State Drive (SSD),₹1845
ADATA SU630 240 GB Desktop Internal Solid State Drive (SSD),₹2304
Transcend 120 GB SSD230S Desktop Internal Solid State Drive (SSD),₹1660
WD Green 120 GB Desktop Internal Solid State Drive (SSD),₹2449
Kingston A400 120 GB Desktop Internal Solid State Drive (SSD),₹1448
ADATA SU630 240 GB Desktop Internal Solid State Drive (SSD),₹2095
ADATA SU630 240 GB Desktop Internal Solid State Drive (SSD),₹1522
Kingston A400 120 GB Desktop Internal Solid State Drive (SSD),₹1401
Kingston A400 120 GB Desktop Internal Solid State Drive (SSD),₹1498
Transcend 120 GB SSD230S Desktop Internal Solid State Drive (SSD),₹2283
ZEBRONICS ZEB SD13 128 GB Desktop Internal Solid State Drive (SSD),₹1769
WD Green 120 GB Desktop Internal Solid State Drive (SSD),₹1362
Transcend 120 GB SSD230S Desktop Internal Solid State Drive (SSD),₹2381
WD Green 120 GB Desktop Internal Solid State Drive (SSD),₹2536
ADATA SU630 240 GB Desktop Internal Solid State Drive (SSD),₹1909
Transcend 120 GB SSD230S Desktop Internal Solid State Drive (SSD),₹1514
WD Green 120 GB Desktop Internal Solid State Drive (SSD),₹1850
ZEBRONICS ZEB SD13 128 GB Desktop Internal Solid State Drive (SSD),₹2246
WD Green 120 GB Desktop Internal Solid State Drive (SSD),₹2139
WD Green 120 GB Desktop Internal Solid State Drive (SSD),₹2533
Kingston A400 120 GB Desktop Internal Solid State Drive (SSD),₹1720
Kingston A400 120 GB Desktop Internal Solid State Drive (SSD),₹2484
ZEBRONICS ZEB SD13 128 GB Desktop Internal Solid State Drive (SSD),₹2638
ZEBRONICS ZEB SD13 128 GB Desktop Internal Solid State Drive (SSD),₹1611
Kingston A400 120 GB Desktop Internal Solid State Drive (SSD),₹2349
ADATA SU630 240 GB Desktop Internal Solid State Drive (SSD),₹1894
ADATA SU630 240 GB Desktop Internal Solid State Drive (SSD),₹1407
ADATA SU630 240 GB Desktop Internal Solid State Drive (SSD),₹1997
Kingston A400 120 GB Desktop Internal Solid State Drive (SSD),₹1814
ADATA SU630 240 GB Desktop Internal Solid State Drive (SSD),₹1724
ZEBRONICS ZEB SD13 128 GB Desktop Internal Solid State Drive (SSD),₹2581
WD Green 120 GB Desktop Internal Solid State Drive (SSD),₹2588
ZEBRONICS ZEB SD13 128 GB Desktop Internal Solid State Drive (SSD),₹1382
Kingston A400 120 GB Desktop Internal Solid State Drive (SSD),₹2614
Kingston A400 120 GB Desktop Internal Solid State Drive (SSD),₹1707
Kingston A400 120 GB Desktop Internal Solid State Drive (SSD),₹2560
ZEBRONICS ZEB SD13 128 GB Desktop Internal Solid State Drive (SSD),₹2099
ADATA SU630 240 GB Desktop Internal Solid State Drive (SSD),₹2269
Kingston A400 120 GB Desktop Internal Solid State Drive (SSD),₹2160
ZEBRONICS ZEB SD13 128 GB Desktop Internal Solid State Drive (SSD),₹2674
ZEBRONICS ZEB SD13 128 GB Desktop Internal Solid State Drive (SSD),₹2396
Transcend 120 GB SSD230S Desktop Internal Solid State Drive (SSD),₹2146
Kingston A400 120 GB Desktop Internal Solid State Drive (SSD),₹1645
WD Green 120 GB Desktop Internal Solid State Drive (SSD),₹1514
Transcend 120 GB SSD230S Desktop Internal Solid State Drive (SSD),₹2492
WD Green 120 GB Desktop Internal Solid State Drive (SSD),₹2662
ZEBRONICS ZEB SD13 128 GB Desktop Internal Solid State Drive (SSD),₹2220
ZEBRONICS ZEB SD13 128 GB Desktop Internal Solid State Drive (SSD),₹1374
ZEBRONICS ZEB SD13 128 GB Desktop Internal Solid State Drive (SSD),₹1442
Kingston A400 120 GB Desktop Internal Solid State Drive (SSD),₹2470
Transcend 120 GB SSD230S Desktop Internal Solid State Drive (SSD),₹2599
Transcend 120 GB SSD230S Desktop Internal Solid State Drive (SSD),₹1982
Kingston A400 120 GB Desktop Internal Solid State Drive (SSD),₹2509
ZEBRONICS ZEB SD13 128 GB Desktop Internal Solid State Drive (SSD),₹2660
ZEBRONICS ZEB SD13 128 GB Desktop Internal Solid State Drive (SSD),₹1429
ADATA SU630 240 GB Desktop Internal Solid State Drive (SSD),₹2303
Transcend 120 GB SSD230S Desktop Internal Solid State Drive (SSD),₹1538
Transcend 120 GB SSD230S Desktop Internal Solid State Drive (SSD),₹1591
Kingston A400 120 GB Desktop Internal Solid State Drive (SSD),₹2592
WD Green 120 GB Desktop Internal Solid State Drive (SSD),₹1803
WD Green 120 GB Desktop Internal Solid State Drive (SSD),₹1451
Kingston A400 120 GB Desktop Internal Solid State Drive (SSD),₹1527
ZEBRONICS ZEB SD13 128 GB Desktop Internal Solid State Drive (SSD),₹1593
ADATA SU630 240 GB Desktop Internal Solid State Drive (SSD),₹2133
ADATA SU630 240 GB Desktop Internal Solid State Drive (SSD),₹2630
ZEBRONICS ZEB SD13 128 GB Desktop Internal Solid State Drive (SSD),₹1865
Kingston A400 120 GB Desktop Internal Solid State Drive (SSD),₹2642
Kingston A400 120 GB Desktop Internal Solid State Drive (SSD),₹1865
ZEBRONICS ZEB SD13 128 GB Desktop Internal Solid State Drive (SSD),₹2648
Samsung 870 EVO 250 GB Desktop Internal Solid State Drive (SSD),₹3499
Kingston A400 240 GB Desktop Internal Solid State Drive (SSD),₹3669
WD Blue 250 GB Desktop Internal Solid State Drive (SSD),₹4612
Samsung 870 EVO 250 GB Desktop Internal Solid State Drive (SSD),₹4219
WD Blue 250 GB Desktop Internal Solid State Drive (SSD),₹4240
Kingston A400 240 GB Desktop Internal Solid State Drive (SSD),₹3602
Samsung 870 EVO 250 GB Desktop Internal Solid State Drive (SSD),₹3739
Kingston A400 240 GB Desktop Internal Solid State Drive (SSD),₹3399
Samsung 870 EVO 250 GB Desktop Internal Solid State Drive (SSD),₹5130
WD Blue 250 GB Desktop Internal Solid State Drive (SSD),₹3352
Crucial BX500 240 GB Desktop Internal Solid State Drive (SSD),₹5035
ADATA SU750 256 GB Desktop Internal Solid State Drive (SSD),₹5293
Crucial BX500 240 GB Desktop Internal Solid State Drive (SSD),₹3295
WD Blue 250 GB Desktop Internal Solid State Drive (SSD),₹2766
WD Blue 250 GB Desktop Internal Solid State Drive (SSD),₹4375
Samsung 870 EVO 250 GB Desktop Internal Solid State Drive (SSD),₹4411
ADATA SU750 256 GB Desktop Internal Solid State Drive (SSD),₹5042
Kingston A400 240 GB Desktop Internal Solid State Drive (SSD),₹5305
WD Blue 250 GB Desktop Internal Solid State Drive (SSD),₹2729
ADATA SU750 256 GB Desktop Internal Solid State Drive (SSD),₹3490
WD Blue 250 GB Desktop Internal Solid State Drive (SSD),₹3316
Crucial BX500 240 GB Desktop Internal Solid State Drive (SSD),₹2857
WD Blue 250 GB Desktop Internal Solid State Drive (SSD),₹3636
WD Blue 250 GB Desktop Internal Solid State Drive (SSD),₹4882
Samsung 870 EVO 250 GB Desktop Internal Solid State Drive (SSD),₹3343
Samsung 870 EVO 250 GB Desktop Internal Solid State Drive (SSD),₹3273
ADATA SU750 256 GB Desktop Internal Solid State Drive (SSD),₹2832
Kingston A400 240 GB Desktop Internal Solid State Drive (SSD),₹5318
WD Blue 250 GB Desktop Internal Solid State Drive (SSD),₹3502
WD Blue 250 GB Desktop Internal Solid State Drive (SSD),₹4524
ADATA SU750 256 GB Desktop Internal Solid State Drive (SSD),₹2744
Kingston A400 240 GB Desktop Internal Solid State Drive (SSD),₹3847
WD Blue 250 GB Desktop Internal Solid State Drive (SSD),₹3977
WD Blue 250 GB Desktop Internal Solid State Drive (SSD),₹3783
Samsung 870 EVO 250 GB Desktop Internal Solid State Drive (SSD),₹3341
WD Blue 250 GB Desktop Internal Solid State Drive (SSD),₹2705
Crucial BX500 240 GB Desktop Internal Solid State Drive (SSD),₹3096
Crucial BX500 240 GB Desktop Internal Solid State Drive (SSD),₹2978
Kingston A400 240 GB Desktop Internal Solid State Drive (SSD),₹5119
ADATA SU750 256 GB Desktop Internal Solid State Drive (SSD),₹3093
Kingston A400 240 GB Desktop Internal Solid State Drive (SSD),₹3980
WD Blue 250 GB Desktop Internal Solid State Drive (SSD),₹4992
ADATA SU750 256 GB Desktop Internal Solid State Drive (SSD),₹4170
WD Blue 250 GB Desktop Internal Solid State Drive (SSD),₹2702
Kingston A400 240 GB Desktop Internal Solid State Drive (SSD),₹3517
Crucial BX500 240 GB Desktop Internal Solid State Drive (SSD),₹3723
Samsung 870 EVO 250 GB Desktop Internal Solid State Drive (SSD),₹4015
Samsung 870 EVO 250 GB Desktop Internal Solid State Drive (SSD),₹3524
Kingston A400 240 GB Desktop Internal Solid State Drive (SSD),₹4582
Kingston A400 240 GB Desktop Internal Solid State Drive (SSD),₹3888
Samsung 870 EVO 250 GB Desktop Internal Solid State Drive (SSD),₹2717
WD Blue 250 GB Desktop Internal Solid State Drive (SSD),₹2770
Crucial BX500 240 GB Desktop Internal Solid State Drive (SSD),₹3262
Crucial BX500 240 GB Desktop Internal Solid State Drive (SSD),₹3384
WD Blue 250 GB Desktop Internal Solid State Drive (SSD),₹4576
ADATA SU750 256 GB Desktop Internal Solid State Drive (SSD),₹3453
Kingston A400 240 GB Desktop Internal Solid State Drive (SSD),₹5035
Samsung 870 EVO 250 GB Desktop Internal Solid State Drive (SSD),₹4997
Crucial BX500 240 GB Desktop Internal Solid State Drive (SSD),₹5289
Kingston A400 240 GB Desktop Internal Solid State Drive (SSD),₹3134
WD Blue 250 GB Desktop Internal Solid State Drive (SSD),₹4255
Crucial BX500 240 GB Desktop Internal Solid State Drive (SSD),₹2905
WD Blue 250 GB Desktop Internal Solid State Drive (SSD),₹3992
ADATA SU750 256 GB Desktop Internal Solid State Drive (SSD),₹4595
Crucial BX500 240 GB Desktop Internal Solid State Drive (SSD),₹3311
ADATA SU750 256 GB Desktop Internal Solid State Drive (SSD),₹4735
Kingston A400 240 GB Desktop Internal Solid State Drive (SSD),₹3152
Samsung 870 EVO 250 GB Desktop Internal Solid State Drive (SSD),₹2918
ADATA SU750 256 GB Desktop Internal Solid State Drive (SSD),₹4138
ADATA SU750 256 GB Desktop Internal Solid State Drive (SSD),₹4873
Kingston A400 240 GB Desktop Internal Solid State Drive (SSD),₹3957
Samsung 870 EVO 250 GB Desktop Internal Solid State Drive (SSD),₹3747
ADATA SU750 256 GB Desktop Internal Solid State Drive (SSD),₹3539
Kingston A400 240 GB Desktop Internal Solid State Drive (SSD),₹5310
ADATA SU750 256 GB Desktop Internal Solid State Drive (SSD),₹4147
ADATA SU750 256 GB Desktop Internal Solid State Drive (SSD),₹3327
Crucial BX500 240 GB Desktop Internal Solid State Drive (SSD),₹4054
Samsung 870 EVO 250 GB Desktop Internal Solid State Drive (SSD),₹2925
Samsung 870 EVO 250 GB Desktop Internal Solid State Drive (SSD),₹4678
Samsung 870 EVO 250 GB Desktop Internal Solid State Drive (SSD),₹4100
Crucial BX500 240 GB Desktop Internal Solid State Drive (SSD),₹5393
WD Blue 250 GB Desktop Internal Solid State Drive (SSD),₹2875
Kingston A400 240 GB Desktop Internal Solid State Drive (SSD),₹5290
Crucial BX500 240 GB Desktop Internal Solid State Drive (SSD),₹3413
WD Blue 250 GB Desktop Internal Solid State Drive (SSD),₹3755
Kingston A400 240 GB Desktop Internal Solid State Drive (SSD),₹4724
ADATA SU750 256 GB Desktop Internal Solid State Drive (SSD),₹5183
WD Blue 250 GB Desktop Internal Solid State Drive (SSD),₹4275
Kingston A400 240 GB Desktop Internal Solid State Drive (SSD),₹4068
Kingston A400 240 GB Desktop Internal Solid State Drive (SSD),₹3233
WD Blue 250 GB Desktop Internal Solid State Drive (SSD),₹3357
Samsung 870 EVO 250 GB Desktop Internal Solid State Drive (SSD),₹3686
Samsung 870 EVO 250 GB Desktop Internal Solid State Drive (SSD),₹3963
ADATA SU750 256 GB Desktop Internal Solid State Drive (SSD),₹4811
WD Blue 250 GB Desktop Internal Solid State Drive (SSD),₹5393
ADATA SU750 256 GB Desktop Internal Solid State Drive (SSD),₹3491
WD Blue 250 GB Desktop Internal Solid State Drive (SSD),₹3368
Crucial BX500 240 GB Desktop Internal Solid State Drive (SSD),₹3491
Samsung 870 EVO 250 GB Desktop Internal Solid State Drive (SSD),₹4050
Samsung 870 EVO 250 GB Desktop Internal Solid State Drive (SSD),₹4264
Crucial MX500 500 GB Desktop Internal Solid State Drive (SSD),₹8345
Crucial MX500 500 GB Desktop Internal Solid State Drive (SSD),₹5674
Kingston A2000 500 GB Desktop Internal Solid State Drive (SSD),₹6132
WD Blue 500 GB Desktop Internal Solid State Drive (SSD),₹8125
Crucial MX500 500 GB Desktop Internal Solid State Drive (SSD),₹6718
WD Blue 500 GB Desktop Internal Solid State Drive (SSD),₹5674
Samsung 870 EVO 500 GB Desktop Internal Solid State Drive (SSD),₹8748
Crucial MX500 500 GB Desktop Internal Solid State Drive (SSD),₹8867
Samsung 870 EVO 500 GB Desktop Internal Solid State Drive (SSD),₹8022
ADATA SU800 512 GB Desktop Internal Solid State Drive (SSD),₹7326
WD Blue 500 GB Desktop Internal Solid State Drive (SSD),₹8473
Kingston A2000 500 GB Desktop Internal Solid State Drive (SSD),₹8317
Samsung 870 EVO 500 GB Desktop Internal Solid State Drive (SSD),₹8919
Crucial MX500 500 GB Desktop Internal Solid State Drive (SSD),₹5826
ADATA SU800 512 GB Desktop Internal Solid State Drive (SSD),₹6027
WD Blue 500 GB Desktop Internal Solid State Drive (SSD),₹6496
Samsung 870 EVO 500 GB Desktop Internal Solid State Drive (SSD),₹8853
ADATA SU800 512 GB Desktop Internal Solid State Drive (SSD),₹5908
WD Blue 500 GB Desktop Internal Solid State Drive (SSD),₹6366
Crucial MX500 500 GB Desktop Internal Solid State Drive (SSD),₹6330
WD Blue 500 GB Desktop Internal Solid State Drive (SSD),₹5944
Crucial MX500 500 GB Desktop Internal Solid State Drive (SSD),₹7106
Samsung 870 EVO 500 GB Desktop Internal Solid State Drive (SSD),₹7825
Kingston A2000 500 GB Desktop Internal Solid State Drive (SSD),₹7105
ADATA SU800 512 GB Desktop Internal Solid State Drive (SSD),₹7510
WD Blue 500 GB Desktop Internal Solid State Drive (SSD),₹5969
Kingston A2000 500 GB Desktop Internal Solid State Drive (SSD),₹8661
Kingston A2000 500 GB Desktop Internal Solid State Drive (SSD),₹6394
ADATA SU800 512 GB Desktop Internal Solid State Drive (SSD),₹7150
ADATA SU800 512 GB Desktop Internal Solid State Drive (SSD),₹8716
Samsung 870 EVO 500 GB Desktop Internal Solid State Drive (SSD),₹6467
Kingston A2000 500 GB Desktop Internal Solid State Drive (SSD),₹5667
ADATA SU800 512 GB Desktop Internal Solid State Drive (SSD),₹5732
WD Blue 500 GB Desktop Internal Solid State Drive (SSD),₹8132
Kingston A2000 500 GB Desktop Internal Solid State Drive (SSD),₹7969
WD Blue 500 GB Desktop Internal Solid State Drive (SSD),₹5980
Samsung 870 EVO 500 GB Desktop Internal Solid State Drive (SSD),₹7257
WD Blue 500 GB Desktop Internal Solid State Drive (SSD),₹8870
Samsung 870 EVO 500 GB Desktop Internal Solid State Drive (SSD),₹6651
WD Blue 500 GB Desktop Internal Solid State Drive (SSD),₹6090
Kingston A2000 500 GB Desktop Internal Solid State Drive (SSD),₹6026
Samsung 870 EVO 500 GB Desktop Internal Solid State Drive (SSD),₹8633
WD Blue 500 GB Desktop Internal Solid State Drive (SSD),₹6544
ADATA SU800 512 GB Desktop Internal Solid State Drive (SSD),₹8676
WD Blue 500 GB Desktop Internal Solid State Drive (SSD),₹7884
Samsung 870 EVO 500 GB Desktop Internal Solid State Drive (SSD),₹6889
Samsung 870 EVO 500 GB Desktop Internal Solid State Drive (SSD),₹8314
ADATA SU800 512 GB Desktop Internal Solid State Drive (SSD),₹7907
WD Blue 500 GB Desktop Internal Solid State Drive (SSD),₹5605
ADATA SU800 512 GB Desktop Internal Solid State Drive (SSD),₹5736
WD Blue 500 GB Desktop Internal Solid State Drive (SSD),₹7364
Samsung 870 EVO 500 GB Desktop Internal Solid State Drive (SSD),₹6458
ADATA SU800 512 GB Desktop Internal Solid State Drive (SSD),₹5895
Kingston A2000 500 GB Desktop Internal Solid State Drive (SSD),₹8054
Kingston A2000 500 GB Desktop Internal Solid State Drive (SSD),₹7779
WD Blue 500 GB Desktop Internal Solid State Drive (SSD),₹8620
ADATA SU800 512 GB Desktop Internal Solid State Drive (SSD),₹5531
Samsung 870 EVO 500 GB Desktop Internal Solid State Drive (SSD),₹7955
Kingston A2000 500 GB Desktop Internal Solid State Drive (SSD),₹7828
ADATA SU800 512 GB Desktop Internal Solid State Drive (SSD),₹8863
ADATA SU800 512 GB Desktop Internal Solid State Drive (SSD),₹7262
ADATA SU800 512 GB Desktop Internal Solid State Drive (SSD),₹8682
WD Blue 500 GB Desktop Internal Solid State Drive (SSD),₹7148
WD Blue 500 GB Desktop Internal Solid State Drive (SSD),₹7400
Crucial MX500 500 GB Desktop Internal Solid State Drive (SSD),₹8924
WD Blue 500 GB Desktop Internal Solid State Drive (SSD),₹5679
Samsung 870 EVO 500 GB Desktop Internal Solid State Drive (SSD),₹6673
ADATA SU800 512 GB Desktop Internal Solid State Drive (SSD),₹6480
Crucial MX500 500 GB Desktop Internal Solid State Drive (SSD),₹7546
Kingston A2000 500 GB Desktop Internal Solid State Drive (SSD),₹8046
WD Blue 500 GB Desktop Internal Solid State Drive (SSD),₹8641
Crucial MX500 500 GB Desktop Internal Solid State Drive (SSD),₹6214
ADATA SU800 512 GB Desktop Internal Solid State Drive (SSD),₹8102
ADATA SU800 512 GB Desktop Internal Solid State Drive (SSD),₹6414
ADATA SU800 512 GB Desktop Internal Solid State Drive (SSD),₹7368
Crucial MX500 500 GB Desktop Internal Solid State Drive (SSD),₹7273
Kingston A2000 500 GB Desktop Internal Solid State Drive (SSD),₹5811
WD Blue 500 GB Desktop Internal Solid State Drive (SSD),₹7096
Crucial MX500 500 GB Desktop Internal Solid State Drive (SSD),₹7922
Crucial MX500 500 GB Desktop Internal Solid State Drive (SSD),₹6313
Samsung 870 EVO 500 GB Desktop Internal Solid State Drive (SSD),₹8195
WD Blue 500 GB Desktop Internal Solid State Drive (SSD),₹8022
ADATA SU800 512 GB Desktop Internal Solid State Drive (SSD),₹7642
ADATA SU800 512 GB Desktop Internal Solid State Drive (SSD),₹7080
Crucial MX500 500 GB Desktop Internal Solid State Drive (SSD),₹6604
Crucial MX500 500 GB Desktop Internal Solid State Drive (SSD),₹7736
Crucial MX500 500 GB Desktop Internal Solid State Drive (SSD),₹7352
Kingston A2000 500 GB Desktop Internal Solid State Drive (SSD),₹7726
ADATA SU800 512 GB Desktop Internal Solid State Drive (SSD),₹5720
Samsung 870 EVO 500 GB Desktop Internal Solid State Drive (SSD),₹5989
Samsung 870 EVO 500 GB Desktop Internal Solid State Drive (SSD),₹5925
Samsung 870 EVO 500 GB Desktop Internal Solid State Drive (SSD),₹7656
WD Blue 500 GB Desktop Internal Solid State Drive (SSD),₹7658
ADATA SU800 512 GB Desktop Internal Solid State Drive (SSD),₹6393
Crucial MX500 500 GB Desktop Internal Solid State Drive (SSD),₹8750
WD Blue 500 GB Desktop Internal Solid State Drive (SSD),₹8110
Kingston A2000 500 GB Desktop Internal Solid State Drive (SSD),₹8256
ADATA SU800 512 GB Desktop Internal Solid State Drive (SSD),₹8043
Kingston A2000 500 GB Desktop Internal Solid State Drive (SSD),₹7247
Kingston A2000 500 GB Desktop Internal Solid State Drive (SSD),₹7442
Samsung 980 1TB Desktop Internal Solid State Drive (SSD),₹13580
Samsung 980 1TB Desktop Internal Solid State Drive (SSD),₹10916
Samsung 980 1TB Desktop Internal Solid State Drive (SSD),₹9418
Kingston KC2500 1TB Desktop Internal Solid State Drive (SSD),₹12384
Kingston KC2500 1TB Desktop Internal Solid State Drive (SSD),₹9364
Samsung 980 1TB Desktop Internal Solid State Drive (SSD),₹13104
Kingston KC2500 1TB Desktop Internal Solid State Drive (SSD),₹15580
Samsung 980 1TB Desktop Internal Solid State Drive (SSD),₹16138
Samsung 980 1TB Desktop Internal Solid State Drive (SSD),₹13044
Crucial P5 1TB Desktop Internal Solid State Drive (SSD),₹15101
Samsung 980 1TB Desktop Internal Solid State Drive (SSD),₹12787
Kingston KC2500 1TB Desktop Internal Solid State Drive (SSD),₹15752
Crucial P5 1TB Desktop Internal Solid State Drive (SSD),₹16435
Kingston KC2500 1TB Desktop Internal Solid State Drive (SSD),₹16800
WD Black SN750 1TB Desktop Internal Solid State Drive (SSD),₹11830
Crucial P5 1TB Desktop Internal Solid State Drive (SSD),₹9563
Crucial P5 1TB Desktop Internal Solid State Drive (SSD),₹9248
ADATA XPG GAMMIX S50 1TB Desktop Internal Solid State Drive (SSD),₹16911
ADATA XPG GAMMIX S50 1TB Desktop Internal Solid State Drive (SSD),₹15020
ADATA XPG GAMMIX S50 1TB Desktop Internal Solid State Drive (SSD),₹9343
Samsung 980 1TB Desktop Internal Solid State Drive (SSD),₹15969
Crucial P5 1TB Desktop Internal Solid State Drive (SSD),₹10126
Kingston KC2500 1TB Desktop Internal Solid State Drive (SSD),₹9680
WD Black SN750 1TB Desktop Internal Solid State Drive (SSD),₹17080
Crucial P5 1TB Desktop Internal Solid State Drive (SSD),₹17153
Samsung 980 1TB Desktop Internal Solid State Drive (SSD),₹9657
Samsung 980 1TB Desktop Internal Solid State Drive (SSD),₹14467
Kingston KC2500 1TB Desktop Internal Solid State Drive (SSD),₹17347
Samsung 980 1TB Desktop Internal Solid State Drive (SSD),₹17341
WD Black SN750 1TB Desktop Internal Solid State Drive (SSD),₹12204
WD Black SN750 1TB Desktop Internal Solid State Drive (SSD),₹12139
Kingston KC2500 1TB Desktop Internal Solid State Drive (SSD),₹17387
ADATA XPG GAMMIX S50 1TB Desktop Internal Solid State Drive (SSD),₹14421
WD Black SN750 1TB Desktop Internal Solid State Drive (SSD),₹12736
Crucial P5 1TB Desktop Internal Solid State Drive (SSD),₹16405
Samsung 980 1TB Desktop Internal Solid State Drive (SSD),₹13751
Samsung 980 1TB Desktop Internal Solid State Drive (SSD),₹14660
Crucial P5 1TB Desktop Internal Solid State Drive (SSD),₹11799
WD Black SN750 1TB Desktop Internal Solid State Drive (SSD),₹11840
WD Black SN750 1TB Desktop Internal Solid State Drive (SSD),₹14986
Kingston KC2500 1TB Desktop Internal Solid State Drive (SSD),₹15563
Crucial P5 1TB Desktop Internal Solid State Drive (SSD),₹17907
Samsung 980 1TB Desktop Internal Solid State Drive (SSD),₹9832
ADATA XPG GAMMIX S50 1TB Desktop Internal Solid State Drive (SSD),₹17567
ADATA XPG GAMMIX S50 1TB Desktop Internal Solid State Drive (SSD),₹12357
WD Black SN750 1TB Desktop Internal Solid State Drive (SSD),₹16312
ADATA XPG GAMMIX S50 1TB Desktop Internal Solid State Drive (SSD),₹17181
ADATA XPG GAMMIX S50 1TB Desktop Internal Solid State Drive (SSD),₹12659
ADATA XPG GAMMIX S50 1TB Desktop Internal Solid State Drive (SSD),₹13982
ADATA XPG GAMMIX S50 1TB Desktop Internal Solid State Drive (SSD),₹9870
Kingston KC2500 1TB Desktop Internal Solid State Drive (SSD),₹15584
Crucial P5 1TB Desktop Internal Solid State Drive (SSD),₹9393
ADATA XPG GAMMIX S50 1TB Desktop Internal Solid State Drive (SSD),₹10002
Kingston KC2500 1TB Desktop Internal Solid State Drive (SSD),₹11465
WD Black SN750 1TB Desktop Internal Solid State Drive (SSD),₹17781
Crucial P5 1TB Desktop Internal Solid State Drive (SSD),₹10550
Samsung 980 1TB Desktop Internal Solid State Drive (SSD),₹12182
Kingston KC2500 1TB Desktop Internal Solid State Drive (SSD),₹17829
Kingston KC2500 1TB Desktop Internal Solid State Drive (SSD),₹14778
Kingston KC2500 1TB Desktop Internal Solid State Drive (SSD),₹10280
Samsung 980 1TB Desktop Internal Solid State Drive (SSD),₹10773
Crucial P5 1TB Desktop Internal Solid State Drive (SSD),₹17082
Crucial P5 1TB Desktop Internal Solid State Drive (SSD),₹9765
WD Black SN750 1TB Desktop Internal Solid State Drive (SSD),₹12929
Crucial P5 1TB Desktop Internal Solid State Drive (SSD),₹17398
ADATA XPG GAMMIX S50 1TB Desktop Internal Solid State Drive (SSD),₹9345
WD Black SN750 1TB Desktop Internal Solid State Drive (SSD),₹14687
Samsung 980 1TB Desktop Internal Solid State Drive (SSD),₹9551
ADATA XPG GAMMIX S50 1TB Desktop Internal Solid State Drive (SSD),₹13934
ADATA XPG GAMMIX S50 1TB Desktop Internal Solid State Drive (SSD),₹16489
Samsung 980 1TB Desktop Internal Solid State Drive (SSD),₹13222
ADATA XPG GAMMIX S50 1TB Desktop Internal Solid State Drive (SSD),₹14795
WD Black SN750 1TB Desktop Internal Solid State Drive (SSD),₹16661
Kingston KC2500 1TB Desktop Internal Solid State Drive (SSD),₹16545
ADATA XPG GAMMIX S50 1TB Desktop Internal Solid State Drive (SSD),₹13690
Crucial P5 1TB Desktop Internal Solid State Drive (SSD),₹13602
WD Black SN750 1TB Desktop Internal Solid State Drive (SSD),₹17340
Samsung 980 1TB Desktop Internal Solid State Drive (SSD),₹12074
WD Black SN750 1TB Desktop Internal Solid State Drive (SSD),₹16496
WD Black SN750 1TB Desktop Internal Solid State Drive (SSD),₹17790
Crucial P5 1TB Desktop Internal Solid State Drive (SSD),₹16705
Kingston KC2500 1TB Desktop Internal Solid State Drive (SSD),₹17707
Crucial P5 1TB Desktop Internal Solid State Drive (SSD),₹16516
Samsung 980 1TB Desktop Internal Solid State Drive (SSD),₹13954
WD Black SN750 1TB Desktop Internal Solid State Drive (SSD),₹17481
ADATA XPG GAMMIX S50 1TB Desktop Internal Solid State Drive (SSD),₹16413
Samsung 980 1TB Desktop Internal Solid State Drive (SSD),₹14221
ADATA XPG GAMMIX S50 1TB Desktop Internal Solid State Drive (SSD),₹9226
Crucial P5 1TB Desktop Internal Solid State Drive (SSD),₹10504
ADATA XPG GAMMIX S50 1TB Desktop Internal Solid State Drive (SSD),₹12589
Samsung 980 1TB Desktop Internal Solid State Drive (SSD),₹14771
Samsung 980 1TB Desktop Internal Solid State Drive (SSD),₹9783
WD Black SN750 1TB Desktop Internal Solid State Drive (SSD),₹9503
WD Black SN750 1TB Desktop Internal Solid State Drive (SSD),₹14570
ADATA XPG GAMMIX S50 1TB Desktop Internal Solid State Drive (SSD),₹17280
Kingston KC2500 1TB Desktop Internal Solid State Drive (SSD),₹9791
Samsung 980 1TB Desktop Internal Solid State Drive (SSD),₹16124
Crucial P5 1TB Desktop Internal Solid State Drive (SSD),₹15992
Crucial P5 1TB Desktop Internal Solid State Drive (SSD),₹9538
Crucial P5 1TB Desktop Internal Solid State Drive (SSD),₹17118
Samsung 990 PRO 2TB Desktop Internal Solid State Drive (SSD),₹582016
Seagate FireCuda 530 2TB Desktop Internal Solid State Drive (SSD),₹357906
Samsung 990 PRO 2TB Desktop Internal Solid State Drive (SSD),₹402674
Seagate FireCuda 530 2TB Desktop Internal Solid State Drive (SSD),₹258584
Seagate FireCuda 530 2TB Desktop Internal Solid State Drive (SSD),₹177683
Sabrent Rocket 4 Plus 2TB Desktop Internal Solid State Drive (SSD),₹791213
Sabrent Rocket 4 Plus 2TB Desktop Internal Solid State Drive (SSD),₹131926
WD Black SN850X 2TB Desktop Internal Solid State Drive (SSD),₹326021
Corsair MP600 Pro XT 2TB Desktop Internal Solid State Drive (SSD),₹71136
Corsair MP600 Pro XT 2TB Desktop Internal Solid State Drive (SSD),₹217270
Corsair MP600 Pro XT 2TB Desktop Internal Solid State Drive (SSD),₹583134
WD Black SN850X 2TB Desktop Internal Solid State Drive (SSD),₹596636
Corsair MP600 Pro XT 2TB Desktop Internal Solid State Drive (SSD),₹760129
Samsung 990 PRO 2TB Desktop Internal Solid State Drive (SSD),₹690002
Sabrent Rocket 4 Plus 2TB Desktop Internal Solid State Drive (SSD),₹244691
Seagate FireCuda 530 2TB Desktop Internal Solid State Drive (SSD),₹356108
Seagate FireCuda 530 2TB Desktop Internal Solid State Drive (SSD),₹833664
Samsung 990 PRO 2TB Desktop Internal Solid State Drive (SSD),₹26839
Corsair MP600 Pro XT 2TB Desktop Internal Solid State Drive (SSD),₹597679
Seagate FireCuda 530 2TB Desktop Internal Solid State Drive (SSD),₹211928
Seagate FireCuda 530 2TB Desktop Internal Solid State Drive (SSD),₹491760
WD Black SN850X 2TB Desktop Internal Solid State Drive (SSD),₹873155
Samsung 990 PRO 2TB Desktop Internal Solid State Drive (SSD),₹337214
Sabrent Rocket 4 Plus 2TB Desktop Internal Solid State Drive (SSD),₹385733
WD Black SN850X 2TB Desktop Internal Solid State Drive (SSD),₹23152
WD Black SN850X 2TB Desktop Internal Solid State Drive (SSD),₹24357
Samsung 990 PRO 2TB Desktop Internal Solid State Drive (SSD),₹520491
Samsung 990 PRO 2TB Desktop Internal Solid State Drive (SSD),₹657197
Seagate FireCuda 530 2TB Desktop Internal Solid State Drive (SSD),₹499496
Seagate FireCuda 530 2TB Desktop Internal Solid State Drive (SSD),₹760535
Corsair MP600 Pro XT 2TB Desktop Internal Solid State Drive (SSD),₹828988
WD Black SN850X 2TB Desktop Internal Solid State Drive (SSD),₹423055
Samsung 990 PRO 2TB Desktop Internal Solid State Drive (SSD),₹28833
WD Black SN850X 2TB Desktop Internal Solid State Drive (SSD),₹327182
Corsair MP600 Pro XT 2TB Desktop Internal Solid State Drive (SSD),₹298809
Samsung 990 PRO 2TB Desktop Internal Solid State Drive (SSD),₹151144
Sabrent Rocket 4 Plus 2TB Desktop Internal Solid State Drive (SSD),₹77097
WD Black SN850X 2TB Desktop Internal Solid State Drive (SSD),₹350754
Sabrent Rocket 4 Plus 2TB Desktop Internal Solid State Drive (SSD),₹320072
Corsair MP600 Pro XT 2TB Desktop Internal Solid State Drive (SSD),₹538275
WD Black SN850X 2TB Desktop Internal Solid State Drive (SSD),₹32206
Sabrent Rocket 4 Plus 2TB Desktop Internal Solid State Drive (SSD),₹365672
Samsung 990 PRO 2TB Desktop Internal Solid State Drive (SSD),₹48008
Seagate FireCuda 530 2TB Desktop Internal Solid State Drive (SSD),₹319653
Samsung 990 PRO 2TB Desktop Internal Solid State Drive (SSD),₹587307
Seagate FireCuda 530 2TB Desktop Internal Solid State Drive (SSD),₹232304
Samsung 990 PRO 2TB Desktop Internal Solid State Drive (SSD),₹862030
Corsair MP600 Pro XT 2TB Desktop Internal Solid State Drive (SSD),₹867064
Seagate FireCuda 530 2TB Desktop Internal Solid State Drive (SSD),₹260572
Sabrent Rocket 4 Plus 2TB Desktop Internal Solid State Drive (SSD),₹868233
Crucial 512 GB NVMe SSD,₹9993
Mushkin 2000 GB NVMe SSD,₹9982
Samsung 1000 GB NVMe SSD,₹9978
PNY 512 GB NVMe SSD,₹9955
Crucial 512 GB NVMe SSD,₹9939
Crucial 2000 GB NVMe SSD,₹9915
Mushkin 512 GB NVMe SSD,₹9911
Samsung 128 GB SATA SSD,₹9858
PNY 128 GB NVMe SSD,₹9830
ADATA 2000 GB SATA SSD,₹9828
Mushkin 1000 GB NVMe SSD,₹9820
Silicon Power 2000 GB NVMe SSD,₹9819
HP 128 GB NVMe SSD,₹9818
Kingston 128 GB SATA SSD,₹9816
Mushkin 256 GB SATA SSD,₹9810
Lexar 240 GB NVMe SSD,₹9800
Patriot 2000 GB SATA SSD,₹9761
Seagate 240 GB SATA SSD,₹9750
TeamGroup 240 GB NVMe SSD,₹9694
Seagate 2000 GB NVMe SSD,₹9662
Lexar 240 GB SATA SSD,₹9602
Kingston 2000 GB SATA SSD,₹9597
ADATA 2000 GB NVMe SSD,₹9582
Lexar 512 GB SATA SSD,₹9480
Netac 240 GB NVMe SSD,₹9451
ADATA 256 GB SATA SSD,₹9441
TeamGroup 256 GB SATA SSD,₹9434
HP 128 GB SATA SSD,₹9416
Mushkin 128 GB NVMe SSD,₹9413
Samsung 256 GB SATA SSD,₹9410
Silicon Power 2000 GB SATA SSD,₹9296
Sabrent 2000 GB NVMe SSD,₹9278
WD 2000 GB SATA SSD,₹9252
WD 256 GB NVMe SSD,₹9234
WD 2000 GB SATA SSD,₹9192
ADATA 240 GB NVMe SSD,₹9179
HP 512 GB NVMe SSD,₹9177
ADATA 2000 GB NVMe SSD,₹9166
Corsair 2000 GB SATA SSD,₹9152
TeamGroup 2000 GB NVMe SSD,₹9136
WD 512 GB SATA SSD,₹9126
ADATA 2000 GB SATA SSD,₹9062
Mushkin 256 GB SATA SSD,₹9061
Lexar 128 GB NVMe SSD,₹9057
Crucial 2000 GB NVMe SSD,₹9057
TeamGroup 128 GB SATA SSD,₹8991
Seagate 1000 GB SATA SSD,₹8950
Crucial 256 GB NVMe SSD,₹8882
ADATA 512 GB NVMe SSD,₹8866
Patriot 240 GB SATA SSD,₹8865
Mushkin 240 GB NVMe SSD,₹8795
Mushkin 1000 GB NVMe SSD,₹8771
Sabrent 1000 GB SATA SSD,₹8724
HP 128 GB SATA SSD,₹8645
ADATA 128 GB SATA SSD,₹8634
PNY 512 GB SATA SSD,₹8634
Lexar 2000 GB SATA SSD,₹8616
TeamGroup 128 GB NVMe SSD,₹8559
Samsung 240 GB SATA SSD,₹8501
Netac 128 GB NVMe SSD,₹8485
WD 240 GB SATA SSD,₹8427
Corsair 256 GB SATA SSD,₹8418
Silicon Power 1000 GB SATA SSD,₹8401
PNY 512 GB NVMe SSD,₹8389
Crucial 2000 GB SATA SSD,₹8357
Lexar 2000 GB NVMe SSD,₹8355
ADATA 128 GB NVMe SSD,₹8349
Crucial 256 GB SATA SSD,₹8321
Samsung 1000 GB SATA SSD,₹8268
Lexar 256 GB SATA SSD,₹8224
Lexar 240 GB NVMe SSD,₹8223
Samsung 256 GB NVMe SSD,₹8198
Netac 256 GB SATA SSD,₹8192
Patriot 256 GB NVMe SSD,₹8106
Patriot 2000 GB SATA SSD,₹8069
PNY 256 GB SATA SSD,₹8025
Crucial 512 GB SATA SSD,₹8000
ADATA 512 GB SATA SSD,₹7959
WD 2000 GB NVMe SSD,₹7770
Seagate 128 GB NVMe SSD,₹7754
Crucial 512 GB SATA SSD,₹7718
ADATA 128 GB NVMe SSD,₹7655
TeamGroup 2000 GB SATA SSD,₹7653
Netac 512 GB NVMe SSD,₹7621
PNY 256 GB NVMe SSD,₹7603
TeamGroup 240 GB SATA SSD,₹7578
HP 128 GB SATA SSD,₹7561
HP 1000 GB SATA SSD,₹7550
Corsair 2000 GB NVMe SSD,₹7539
TeamGroup 240 GB NVMe SSD,₹7480
Seagate 128 GB NVMe SSD,₹7436
Crucial 1000 GB NVMe SSD,₹7417
Mushkin 512 GB NVMe SSD,₹7391
ADATA 2000 GB NVMe SSD,₹7356
Patriot 512 GB NVMe SSD,₹7349
Lexar 512 GB SATA SSD,₹7313
Patriot 2000 GB NVMe SSD,₹7267
PNY 512 GB SATA SSD,₹7244
Sabrent 1000 GB NVMe SSD,₹7197
PNY 2000 GB SATA SSD,₹7179
WD 512 GB NVMe SSD,₹7154
Kingston 240 GB NVMe SSD,₹7124
Kingston 512 GB NVMe SSD,₹7117
PNY 240 GB SATA SSD,₹7075
Silicon Power 240 GB SATA SSD,₹6963
HP 512 GB NVMe SSD,₹6903
TeamGroup 1000 GB NVMe SSD,₹6825
PNY 256 GB NVMe SSD,₹6807
Lexar 128 GB SATA SSD,₹6795
Samsung 512 GB NVMe SSD,₹6710
PNY 512 GB NVMe SSD,₹6683
Mushkin 2000 GB NVMe SSD,₹6522
TeamGroup 2000 GB NVMe SSD,₹6497
Corsair 512 GB SATA SSD,₹6446
Samsung 240 GB SATA SSD,₹6438
Kingston 2000 GB SATA SSD,₹6417
ADATA 256 GB NVMe SSD,₹6411
Corsair 256 GB SATA SSD,₹6409
ADATA 240 GB NVMe SSD,₹6382
Kingston 1000 GB SATA SSD,₹6321
Crucial 240 GB SATA SSD,₹6295
WD 256 GB NVMe SSD,₹6275
Silicon Power 256 GB NVMe SSD,₹6267
Lexar 512 GB NVMe SSD,₹6253
Patriot 128 GB NVMe SSD,₹6240
Crucial 128 GB NVMe SSD,₹6220
HP 256 GB SATA SSD,₹6209
WD 240 GB NVMe SSD,₹6199
Lexar 256 GB SATA SSD,₹6195
ADATA 1000 GB SATA SSD,₹6170
Seagate 256 GB NVMe SSD,₹6148
Silicon Power 256 GB SATA SSD,₹6113
HP 1000 GB SATA SSD,₹6099
Silicon Power 1000 GB NVMe SSD,₹6096
Netac 2000 GB SATA SSD,₹6061
TeamGroup 2000 GB NVMe SSD,₹6061
Corsair 256 GB NVMe SSD,₹5940
Netac 128 GB SATA SSD,₹5838
Corsair 128 GB NVMe SSD,₹5813
HP 128 GB SATA SSD,₹5811
TeamGroup 128 GB NVMe SSD,₹5792
ADATA 1000 GB NVMe SSD,₹5774
TeamGroup 256 GB SATA SSD,₹5771
Corsair 240 GB NVMe SSD,₹5731
Sabrent 2000 GB NVMe SSD,₹5730
Corsair 512 GB NVMe SSD,₹5711
Silicon Power 128 GB NVMe SSD,₹5693
Seagate 2000 GB NVMe SSD,₹5592
Patriot 240 GB SATA SSD,₹5554
Mushkin 1000 GB NVMe SSD,₹5497
Netac 1000 GB SATA SSD,₹5492
Kingston 512 GB NVMe SSD,₹5486
Corsair 2000 GB SATA SSD,₹5475
Sabrent 2000 GB NVMe SSD,₹5446
Netac 512 GB SATA SSD,₹5440
Netac 256 GB NVMe SSD,₹5414
Crucial 2000 GB SATA SSD,₹5385
Patriot 256 GB SATA SSD,₹5362
Sabrent 256 GB SATA SSD,₹5324
Crucial 512 GB SATA SSD,₹5323
TeamGroup 512 GB NVMe SSD,₹5299
Samsung 256 GB NVMe SSD,₹5219
HP 240 GB SATA SSD,₹5127
HP 2000 GB NVMe SSD,₹5083
Mushkin 2000 GB NVMe SSD,₹5055
PNY 1000 GB NVMe SSD,₹5039
Samsung 240 GB SATA SSD,₹4995
WD 1000 GB SATA SSD,₹4957
Samsung 2000 GB NVMe SSD,₹4953
Seagate 512 GB SATA SSD,₹4949
Corsair 512 GB SATA SSD,₹4941
Patriot 2000 GB SATA SSD,₹4912
Crucial 512 GB NVMe SSD,₹4906
Patriot 256 GB SATA SSD,₹4897
PNY 256 GB SATA SSD,₹4838
Sabrent 512 GB SATA SSD,₹4763
Kingston 240 GB NVMe SSD,₹4754
Kingston 256 GB SATA SSD,₹4589
Crucial 256 GB NVMe SSD,₹4581
Patriot 240 GB NVMe SSD,₹4565
Netac 128 GB SATA SSD,₹4558
Netac 256 GB SATA SSD,₹4548
Mushkin 2000 GB SATA SSD,₹4424
WD 240 GB SATA SSD,₹4419
TeamGroup 128 GB SATA SSD,₹4405
Patriot 240 GB SATA SSD,₹4391
Corsair 2000 GB SATA SSD,₹4296
Lexar 512 GB SATA SSD,₹4235
TeamGroup 256 GB NVMe SSD,₹4209
Netac 1000 GB SATA SSD,₹4178
Sabrent 2000 GB SATA SSD,₹4175
Mushkin 240 GB SATA SSD,₹4162
TeamGroup 1000 GB SATA SSD,₹4151
Silicon Power 512 GB SATA SSD,₹4148
Netac 2000 GB NVMe SSD,₹4141
ADATA 240 GB SATA SSD,₹4133
Lexar 128 GB SATA SSD,₹4088
Patriot 1000 GB NVMe SSD,₹4061
Crucial 2000 GB SATA SSD,₹3892
PNY 512 GB SATA SSD,₹3821
HP 240 GB SATA SSD,₹3794
Lexar 1000 GB NVMe SSD,₹3772
ADATA 1000 GB SATA SSD,₹3762
Mushkin 256 GB SATA SSD,₹3740
Mushkin 256 GB NVMe SSD,₹3727
Mushkin 2000 GB NVMe SSD,₹3695
Netac 128 GB NVMe SSD,₹3662
PNY 1000 GB NVMe SSD,₹3591
Crucial 2000 GB SATA SSD,₹3571
Mushkin 2000 GB SATA SSD,₹3500
Crucial 256 GB SATA SSD,₹3483
ADATA 2000 GB NVMe SSD,₹3444
HP 240 GB NVMe SSD,₹3414
Sabrent 2000 GB NVMe SSD,₹3247
PNY 2000 GB NVMe SSD,₹3144
Corsair 128 GB SATA SSD,₹3144
ADATA 128 GB SATA SSD,₹3124
Sabrent 240 GB SATA SSD,₹3075
PNY 256 GB NVMe SSD,₹3013
Seagate 128 GB NVMe SSD,₹3006
ADATA 512 GB SATA SSD,₹2962
Seagate 256 GB NVMe SSD,₹2924
Crucial 1000 GB SATA SSD,₹2833
Silicon Power 1000 GB NVMe SSD,₹2798
Lexar 1000 GB NVMe SSD,₹2789
PNY 1000 GB NVMe SSD,₹2739
Lexar 128 GB NVMe SSD,₹2736
Silicon Power 512 GB NVMe SSD,₹2690
ADATA 256 GB SATA SSD,₹2683
Patriot 128 GB SATA SSD,₹2670
TeamGroup 240 GB SATA SSD,₹2529
Lexar 2000 GB SATA SSD,₹2517
Corsair 2000 GB NVMe SSD,₹2377
Crucial 128 GB SATA SSD,₹2354
Crucial 128 GB SATA SSD,₹2243
Crucial 2000 GB NVMe SSD,₹2212
Samsung 2000 GB NVMe SSD,₹2172
TeamGroup 1000 GB SATA SSD,₹2149
Samsung 128 GB NVMe SSD,₹2119
Seagate 256 GB NVMe SSD,₹2117
HP 256 GB NVMe SSD,₹2093
Seagate 1000 GB SATA SSD,₹2063
HP 128 GB SATA SSD,₹2038
Lexar 2000 GB NVMe SSD,₹2025
Silicon Power 512 GB NVMe SSD,₹1978
Sabrent 2000 GB SATA SSD,₹1947
Kingston 1000 GB SATA SSD,₹1905
Netac 1000 GB NVMe SSD,₹1881
Crucial 2000 GB SATA SSD,₹1835
Kingston 1000 GB NVMe SSD,₹17931
Crucial 1000 GB SATA SSD,₹17868
PNY 2000 GB NVMe SSD,₹17806
Samsung 512 GB SATA SSD,₹17800
Mushkin 1000 GB SATA SSD,₹17772
HP 512 GB NVMe SSD,₹17694
PNY 240 GB NVMe SSD,₹17687
Silicon Power 512 GB NVMe SSD,₹17632
WD 1000 GB NVMe SSD,₹17632
Patriot 128 GB NVMe SSD,₹17625
Sabrent 1000 GB NVMe SSD,₹17599
Crucial 128 GB NVMe SSD,₹17494
Patriot 240 GB SATA SSD,₹17457
Patriot 1000 GB NVMe SSD,₹17449
Patriot 512 GB SATA SSD,₹17440
Mushkin 128 GB NVMe SSD,₹17423
Kingston 1000 GB SATA SSD,₹17400
Corsair 240 GB SATA SSD,₹17397
Lexar 1000 GB NVMe SSD,₹17354
Sabrent 512 GB NVMe SSD,₹17341
Crucial 128 GB SATA SSD,₹17302
Patriot 2000 GB SATA SSD,₹17179
Sabrent 512 GB NVMe SSD,₹17159
HP 512 GB SATA SSD,₹17133
Netac 512 GB SATA SSD,₹17115
Samsung 128 GB SATA SSD,₹17095
PNY 2000 GB NVMe SSD,₹17066
Lexar 2000 GB SATA SSD,₹17039
PNY 256 GB SATA SSD,₹17024
Mushkin 2000 GB SATA SSD,₹17019
WD 240 GB SATA SSD,₹17010
HP 256 GB NVMe SSD,₹16985
PNY 1000 GB NVMe SSD,₹16955
TeamGroup 128 GB NVMe SSD,₹16934
Corsair 256 GB NVMe SSD,₹16920
PNY 512 GB SATA SSD,₹16899
Kingston 128 GB NVMe SSD,₹16817
Seagate 240 GB SATA SSD,₹16799
TeamGroup 1000 GB NVMe SSD,₹16770
Crucial 512 GB SATA SSD,₹16755
Patriot 1000 GB SATA SSD,₹16750
WD 256 GB NVMe SSD,₹16728
HP 1000 GB SATA SSD,₹16726
Kingston 240 GB NVMe SSD,₹16613
Seagate 2000 GB SATA SSD,₹16553
Seagate 1000 GB NVMe SSD,₹16543
Netac 2000 GB NVMe SSD,₹16504
WD 240 GB NVMe SSD,₹16488
PNY 512 GB NVMe SSD,₹16488
TeamGroup 1000 GB NVMe SSD,₹16465
ADATA 240 GB NVMe SSD,₹16447
Patriot 1000 GB SATA SSD,₹16413
Netac 240 GB SATA SSD,₹16408
Lexar 128 GB SATA SSD,₹16407
Samsung 1000 GB SATA SSD,₹16391
Patriot 128 GB SATA SSD,₹16384
Seagate 240 GB SATA SSD,₹16371
WD 128 GB NVMe SSD,₹16331
ADATA 512 GB SATA SSD,₹16274
Seagate 128 GB SATA SSD,₹16262
HP 512 GB NVMe SSD,₹16234
Silicon Power 1000 GB SATA SSD,₹16233
Kingston 128 GB SATA SSD,₹16074
Samsung 512 GB SATA SSD,₹16002
WD 2000 GB NVMe SSD,₹15987
TeamGroup 256 GB SATA SSD,₹15967
Patriot 2000 GB NVMe SSD,₹15937
PNY 512 GB SATA SSD,₹15882
Sabrent 128 GB NVMe SSD,₹15822
TeamGroup 1000 GB SATA SSD,₹15817
Lexar 240 GB SATA SSD,₹15795
HP 512 GB NVMe SSD,₹15782
HP 512 GB NVMe SSD,₹15777
Patriot 256 GB NVMe SSD,₹15697
Netac 512 GB SATA SSD,₹15685
HP 512 GB SATA SSD,₹15657
Silicon Power 2000 GB SATA SSD,₹15604
PNY 512 GB SATA SSD,₹15535
Patriot 1000 GB SATA SSD,₹15521
WD 256 GB NVMe SSD,₹15515
Netac 240 GB SATA SSD,₹15498
TeamGroup 240 GB SATA SSD,₹15473
HP 128 GB NVMe SSD,₹15417
Corsair 128 GB NVMe SSD,₹15392
Corsair 512 GB NVMe SSD,₹15256
Mushkin 256 GB SATA SSD,₹15236
Sabrent 1000 GB SATA SSD,₹15091
Mushkin 1000 GB SATA SSD,₹15044
Mushkin 1000 GB SATA SSD,₹15002
Samsung 256 GB NVMe SSD,₹14989
Samsung 128 GB NVMe SSD,₹14973
Seagate 512 GB SATA SSD,₹14896
Crucial 512 GB SATA SSD,₹14882
PNY 128 GB NVMe SSD,₹14872
PNY 128 GB NVMe SSD,₹14853
Lexar 128 GB SATA SSD,₹14848
Patriot 2000 GB NVMe SSD,₹14828
Seagate 2000 GB NVMe SSD,₹14819
TeamGroup 128 GB SATA SSD,₹14763
Corsair 256 GB NVMe SSD,₹14731
Lexar 2000 GB SATA SSD,₹14643
Kingston 256 GB NVMe SSD,₹14631
ADATA 128 GB SATA SSD,₹14625
Samsung 1000 GB SATA SSD,₹14615
Lexar 128 GB NVMe SSD,₹14565
Seagate 2000 GB NVMe SSD,₹14490
Lexar 512 GB SATA SSD,₹14485
ADATA 240 GB SATA SSD,₹14459
Lexar 256 GB NVMe SSD,₹14442
PNY 512 GB NVMe SSD,₹14405
Kingston 256 GB SATA SSD,₹14377
Seagate 128 GB SATA SSD,₹14335
Lexar 512 GB NVMe SSD,₹14318
Silicon Power 256 GB SATA SSD,₹14080
HP 512 GB NVMe SSD,₹14069
Netac 512 GB NVMe SSD,₹14043
Patriot 256 GB SATA SSD,₹14022
Samsung 128 GB NVMe SSD,₹13959
TeamGroup 2000 GB NVMe SSD,₹13928
Samsung 128 GB NVMe SSD,₹13917
Mushkin 128 GB SATA SSD,₹13901
Seagate 256 GB SATA SSD,₹13891
Mushkin 240 GB SATA SSD,₹13876
Crucial 128 GB NVMe SSD,₹13849
Seagate 512 GB SATA SSD,₹13846
Silicon Power 2000 GB NVMe SSD,₹13814
TeamGroup 256 GB SATA SSD,₹13774
Lexar 128 GB SATA SSD,₹13768
Kingston 240 GB NVMe SSD,₹13727
TeamGroup 512 GB NVMe SSD,₹13632
Patriot 240 GB NVMe SSD,₹13569
Patriot 256 GB NVMe SSD,₹13496
ADATA 240 GB NVMe SSD,₹13491
Mushkin 240 GB SATA SSD,₹13404
Samsung 512 GB NVMe SSD,₹13344
HP 256 GB SATA SSD,₹13331
Crucial 1000 GB NVMe SSD,₹13306
Mushkin 256 GB SATA SSD,₹13272
Mushkin 256 GB SATA SSD,₹13132
Kingston 2000 GB NVMe SSD,₹13105
TeamGroup 128 GB SATA SSD,₹13029
Samsung 240 GB SATA SSD,₹13027
Samsung 2000 GB NVMe SSD,₹13026
HP 1000 GB SATA SSD,₹12988
Kingston 2000 GB NVMe SSD,₹12953
Patriot 256 GB SATA SSD,₹12917
Sabrent 512 GB SATA SSD,₹12912
Seagate 512 GB SATA SSD,₹12900
Lexar 512 GB SATA SSD,₹12889
TeamGroup 240 GB NVMe SSD,₹12872
Corsair 2000 GB NVMe SSD,₹12861
Mushkin 128 GB NVMe SSD,₹12854
WD 2000 GB NVMe SSD,₹12852
Sabrent 256 GB NVMe SSD,₹12778
Lexar 512 GB SATA SSD,₹12742
Seagate 240 GB NVMe SSD,₹12721
TeamGroup 256 GB SATA SSD,₹12721
Silicon Power 256 GB SATA SSD,₹12699
Netac 240 GB SATA SSD,₹12646
Corsair 240 GB SATA SSD,₹12629
TeamGroup 512 GB NVMe SSD,₹12620
Lexar 240 GB SATA SSD,₹12597
WD 240 GB SATA SSD,₹12576
Patriot 1000 GB NVMe SSD,₹12574
Sabrent 1000 GB NVMe SSD,₹12485
Seagate 512 GB SATA SSD,₹12475
Silicon Power 1000 GB NVMe SSD,₹12474
PNY 256 GB NVMe SSD,₹12438
Kingston 128 GB NVMe SSD,₹12417
Mushkin 256 GB SATA SSD,₹12374
Samsung 512 GB SATA SSD,₹12350
Patriot 128 GB NVMe SSD,₹12329
TeamGroup 256 GB NVMe SSD,₹12291
WD 128 GB SATA SSD,₹12280
HP 128 GB SATA SSD,₹12278
Lexar 1000 GB NVMe SSD,₹12268
Seagate 1000 GB SATA SSD,₹12248
Crucial 240 GB NVMe SSD,₹12240
Mushkin 2000 GB SATA SSD,₹12203
PNY 1000 GB SATA SSD,₹12203
Sabrent 512 GB SATA SSD,₹12150
Patriot 1000 GB NVMe SSD,₹12135
Samsung 1000 GB SATA SSD,₹12121
Sabrent 2000 GB NVMe SSD,₹12113
HP 2000 GB NVMe SSD,₹12018
Mushkin 1000 GB SATA SSD,₹11957
Seagate 256 GB NVMe SSD,₹11950
Lexar 1000 GB SATA SSD,₹11926
Silicon Power 2000 GB SATA SSD,₹11914
Crucial 256 GB NVMe SSD,₹11910
Corsair 240 GB NVMe SSD,₹11867
WD 256 GB SATA SSD,₹11665
HP 256 GB SATA SSD,₹11648
Corsair 240 GB NVMe SSD,₹11643
ADATA 128 GB NVMe SSD,₹11635
Sabrent 240 GB SATA SSD,₹11594
HP 128 GB SATA SSD,₹11475
Kingston 128 GB SATA SSD,₹11468
Silicon Power 256 GB SATA SSD,₹11451
Silicon Power 512 GB NVMe SSD,₹11444
ADATA 1000 GB SATA SSD,₹11437
TeamGroup 256 GB NVMe SSD,₹11434
Netac 256 GB SATA SSD,₹11418
Seagate 512 GB NVMe SSD,₹11416
WD 1000 GB NVMe SSD,₹11416
Mushkin 128 GB SATA SSD,₹11329
Sabrent 256 GB NVMe SSD,₹11319
Mushkin 1000 GB SATA SSD,₹11293
HP 128 GB NVMe SSD,₹11262
PNY 240 GB NVMe SSD,₹11255
Kingston 240 GB SATA SSD,₹11243
Samsung 128 GB NVMe SSD,₹11222
Corsair 128 GB NVMe SSD,₹11213
Kingston 240 GB NVMe SSD,₹11213
ADATA 240 GB SATA SSD,₹11169
Kingston 128 GB SATA SSD,₹11111
Crucial 512 GB NVMe SSD,₹11090
Corsair 512 GB SATA SSD,₹11090
Corsair 2000 GB NVMe SSD,₹11066
Kingston 128 GB SATA SSD,₹11054
Mushkin 512 GB NVMe SSD,₹10995
WD 240 GB SATA SSD,₹10976
PNY 512 GB SATA SSD,₹10940
Patriot 240 GB SATA SSD,₹10939
WD 128 GB NVMe SSD,₹10902
Silicon Power 1000 GB NVMe SSD,₹10898
Sabrent 240 GB NVMe SSD,₹10887
Kingston 128 GB NVMe SSD,₹10885
HP 512 GB NVMe SSD,₹10829
Silicon Power 256 GB NVMe SSD,₹10778
Corsair 2000 GB NVMe SSD,₹10593
Mushkin 128 GB NVMe SSD,₹10547
Lexar 256 GB NVMe SSD,₹10506
Netac 1000 GB SATA SSD,₹10489
HP 240 GB SATA SSD,₹10482
PNY 512 GB NVMe SSD,₹10471
PNY 512 GB NVMe SSD,₹10452
Patriot 2000 GB SATA SSD,₹10444
PNY 2000 GB NVMe SSD,₹10440
Kingston 240 GB SATA SSD,₹10430
Seagate 2000 GB SATA SSD,₹10388
Corsair 512 GB NVMe SSD,₹10382
Crucial 128 GB NVMe SSD,₹10336
Corsair 2000 GB NVMe SSD,₹10325
WD 1000 GB NVMe SSD,₹10263
HP 256 GB SATA SSD,₹10226
WD 128 GB NVMe SSD,₹10219
ADATA 512 GB NVMe SSD,₹10200
TeamGroup 1000 GB SATA SSD,₹10184
Mushkin 1000 GB NVMe SSD,₹10179
Lexar 2000 GB NVMe SSD,₹10122
